rating,text,parent_asin,review_timestamp,title,item_model_number,involved_in_incident,sentiment_score_raw,sentiment_score,incident_description_safety_terms,text_safety_terms,involved_in_recall,recall_summary
5.0,"i like the low volts, charges quickly, the cost, the size, fast delivery.",b076c58ymx,2018-11-16,Wall Charger Abosi 3 Pack 5V 1A UL Certified Universal Power Adapter USB 1 Port Home Wall Charger Plug Compatible with iPhone Samsung and More Device UL Listed,tpa95a050100uu,False,-0.1779,-0.1779,[],[],True,"this recall involves the black power adapter sold with the nook tablet 7"". the adapter bears markings: model number tpa-95a050100uu, manufacture date 201610. the nook tablet 7"" model number bntv450 is located on the back of the nook."
5.0,"for those that keep having batteries fail due to heat, this is a great option. if you charge a phone overnight at 1 amp, your battery will last longer.",b076c58ymx,2021-11-11,Wall Charger Abosi 3 Pack 5V 1A UL Certified Universal Power Adapter USB 1 Port Home Wall Charger Plug Compatible with iPhone Samsung and More Device UL Listed,tpa95a050100uu,False,0.1531,0.1531,[],[],True,"this recall involves the black power adapter sold with the nook tablet 7"". the adapter bears markings: model number tpa-95a050100uu, manufacture date 201610. the nook tablet 7"" model number bntv450 is located on the back of the nook."
3.0,"they work but over heat very quickly (whether charging ear buds, ear phones, smart phone, or tablet). also, because they are wide, they block neighboring outlets on power strip.",b076c58ymx,2021-02-13,Wall Charger Abosi 3 Pack 5V 1A UL Certified Universal Power Adapter USB 1 Port Home Wall Charger Plug Compatible with iPhone Samsung and More Device UL Listed,tpa95a050100uu,False,-0.0772,-0.0772,[],[],True,"this recall involves the black power adapter sold with the nook tablet 7"". the adapter bears markings: model number tpa-95a050100uu, manufacture date 201610. the nook tablet 7"" model number bntv450 is located on the back of the nook."
4.0,small and works fine,b076c58ymx,2019-05-10,Wall Charger Abosi 3 Pack 5V 1A UL Certified Universal Power Adapter USB 1 Port Home Wall Charger Plug Compatible with iPhone Samsung and More Device UL Listed,tpa95a050100uu,False,0.2023,0.2023,[],[],True,"this recall involves the black power adapter sold with the nook tablet 7"". the adapter bears markings: model number tpa-95a050100uu, manufacture date 201610. the nook tablet 7"" model number bntv450 is located on the back of the nook."
5.0,great inexpensive option for wall outlets.,b076c58ymx,2018-11-07,Wall Charger Abosi 3 Pack 5V 1A UL Certified Universal Power Adapter USB 1 Port Home Wall Charger Plug Compatible with iPhone Samsung and More Device UL Listed,tpa95a050100uu,False,0.6249,0.6249,[],[],True,"this recall involves the black power adapter sold with the nook tablet 7"". the adapter bears markings: model number tpa-95a050100uu, manufacture date 201610. the nook tablet 7"" model number bntv450 is located on the back of the nook."
5.0,i carry this with my phone as sometimes you can't find a usb or to hook up your phone to charge.<br />wouldn't hunt quail without your shotgun? but i  am sure there are some that don't.<br />i recommend these handy charging plug-ins.,b076c58ymx,2022-12-28,Wall Charger Abosi 3 Pack 5V 1A UL Certified Universal Power Adapter USB 1 Port Home Wall Charger Plug Compatible with iPhone Samsung and More Device UL Listed,tpa95a050100uu,False,0.0734,0.0734,[],[],True,"this recall involves the black power adapter sold with the nook tablet 7"". the adapter bears markings: model number tpa-95a050100uu, manufacture date 201610. the nook tablet 7"" model number bntv450 is located on the back of the nook."
5.0,"pack included 3 chargers.  used one, it worked fine.  transfers data.  doesn't take up an extra space on the power strip, looks well made.  arrived on time.",b076c58ymx,2019-02-13,Wall Charger Abosi 3 Pack 5V 1A UL Certified Universal Power Adapter USB 1 Port Home Wall Charger Plug Compatible with iPhone Samsung and More Device UL Listed,tpa95a050100uu,False,0.4404,0.4404,[],[],True,"this recall involves the black power adapter sold with the nook tablet 7"". the adapter bears markings: model number tpa-95a050100uu, manufacture date 201610. the nook tablet 7"" model number bntv450 is located on the back of the nook."
5.0,for money,b076c58ymx,2021-01-27,Wall Charger Abosi 3 Pack 5V 1A UL Certified Universal Power Adapter USB 1 Port Home Wall Charger Plug Compatible with iPhone Samsung and More Device UL Listed,tpa95a050100uu,False,0.0,0.0,[],[],True,"this recall involves the black power adapter sold with the nook tablet 7"". the adapter bears markings: model number tpa-95a050100uu, manufacture date 201610. the nook tablet 7"" model number bntv450 is located on the back of the nook."
5.0,great chargers,b076c58ymx,2020-01-05,Wall Charger Abosi 3 Pack 5V 1A UL Certified Universal Power Adapter USB 1 Port Home Wall Charger Plug Compatible with iPhone Samsung and More Device UL Listed,tpa95a050100uu,False,0.6249,0.6249,[],[],True,"this recall involves the black power adapter sold with the nook tablet 7"". the adapter bears markings: model number tpa-95a050100uu, manufacture date 201610. the nook tablet 7"" model number bntv450 is located on the back of the nook."
5.0,"needed usb charging solution for travel and these help solve that problem.  can be used with different usb type connections for phones, ipad, toothbrush etc.",b076c58ymx,2019-08-20,Wall Charger Abosi 3 Pack 5V 1A UL Certified Universal Power Adapter USB 1 Port Home Wall Charger Plug Compatible with iPhone Samsung and More Device UL Listed,tpa95a050100uu,False,0.4767,0.4767,[],[],True,"this recall involves the black power adapter sold with the nook tablet 7"". the adapter bears markings: model number tpa-95a050100uu, manufacture date 201610. the nook tablet 7"" model number bntv450 is located on the back of the nook."
5.0,please know that this is my first ever amazon review. this is probably one of the best bundles i spent for my electronics. the port is at a much superior angle than the rocket fish usb plug-in. if you’re a guy like myself who needs another usb port but don’t want to bother getting another two port plug then this will be for you.  i might even consider buying again for extras .  my only gripe is that may be the plug could be a little bit smaller but aside from that it’s worth your money.,b076c58ymx,2018-05-10,Wall Charger Abosi 3 Pack 5V 1A UL Certified Universal Power Adapter USB 1 Port Home Wall Charger Plug Compatible with iPhone Samsung and More Device UL Listed,tpa95a050100uu,False,0.743,0.743,[],[],True,"this recall involves the black power adapter sold with the nook tablet 7"". the adapter bears markings: model number tpa-95a050100uu, manufacture date 201610. the nook tablet 7"" model number bntv450 is located on the back of the nook."
5.0,these wall chargers are great for travel and work or wherever you need extra chargers.  i have multiple devices so i'll get plenty of use out of these chargers.,b076c58ymx,2019-12-21,Wall Charger Abosi 3 Pack 5V 1A UL Certified Universal Power Adapter USB 1 Port Home Wall Charger Plug Compatible with iPhone Samsung and More Device UL Listed,tpa95a050100uu,False,0.6249,0.6249,[],[],True,"this recall involves the black power adapter sold with the nook tablet 7"". the adapter bears markings: model number tpa-95a050100uu, manufacture date 201610. the nook tablet 7"" model number bntv450 is located on the back of the nook."
3.0,"they charge well enough, but they overheat quickly (within half an hour of use or so...) and seem to charge slower once they heat up.",b076c58ymx,2021-08-16,Wall Charger Abosi 3 Pack 5V 1A UL Certified Universal Power Adapter USB 1 Port Home Wall Charger Plug Compatible with iPhone Samsung and More Device UL Listed,tpa95a050100uu,False,0.1406,0.1406,[],[],True,"this recall involves the black power adapter sold with the nook tablet 7"". the adapter bears markings: model number tpa-95a050100uu, manufacture date 201610. the nook tablet 7"" model number bntv450 is located on the back of the nook."
5.0,this mirrored holster case is really convenient to use. i absolutely love it. i like it very much. my phone is also very unique.,b07vx6g194,2020-02-10,Riyeri Cover Compatible with Samsung Galaxy A70 Case Mirror Design 360 Full Body Protection Ultra Thin Shell Slim PU + PC Bumper Cell for Samsung Galaxy A70 Phone,adjustable,False,0.7902,0.7902,[],[],True,"april 17, 1995 release # 95-102 washington, dc - cpsc, the kmart corporation of troy, mich., is recalling 148,990 desk chairs. the chair's seat post may unexpectedly separate from the pedestal base, causing someone sitting in the chair to fall.consumers can identify the recalled chairs by kmart product code 21-86-61, item code 010218661114, printed on the outside of the retail carton. the chairs do not have an item number printed on them. the chair, which kmart sold nationwide from july 1993 to march 1995 for $29.99, was packaged unassembled in a cardboard box labeled in part ""basic designs adjustable office chair *** made in taiwan"". the gray upholstered rotary desk chair has a non-tilt seat and fixed back. the seat is attached to a five-prong metal pedestal base by a one-inch wide steel rod. there are two wheel casters on each prong of the pedestal base. the kmart corporation reported this hazard to cpsc after receiving seven reports of the seat unexpectedly detaching from the pedestal base.consumers who own these chairs should stop using them immediately and return the chairs to any k-mart store for a refund. replacement chairs will be available after may 15, 1995. consumers who need more information about this recall should contact any kmart store"
4.0,i like the way it looks. feels sturdy. nice grip. looks great goes along with my phone case. hope adhesive holds up.,b092zlwpbt,2021-10-19,ZIYE 2 Pack Phone Ring Holder Transparent Phone Finger Grip Universal 360 Degree Rotation Finger Ring Metal Kickstand Compatible iPhone Samsung and More Smartphones and Tablets(Silver&Rose Gold),adjustable,False,0.9062,0.9062,[],[],True,"april 17, 1995 release # 95-102 washington, dc - cpsc, the kmart corporation of troy, mich., is recalling 148,990 desk chairs. the chair's seat post may unexpectedly separate from the pedestal base, causing someone sitting in the chair to fall.consumers can identify the recalled chairs by kmart product code 21-86-61, item code 010218661114, printed on the outside of the retail carton. the chairs do not have an item number printed on them. the chair, which kmart sold nationwide from july 1993 to march 1995 for $29.99, was packaged unassembled in a cardboard box labeled in part ""basic designs adjustable office chair *** made in taiwan"". the gray upholstered rotary desk chair has a non-tilt seat and fixed back. the seat is attached to a five-prong metal pedestal base by a one-inch wide steel rod. there are two wheel casters on each prong of the pedestal base. the kmart corporation reported this hazard to cpsc after receiving seven reports of the seat unexpectedly detaching from the pedestal base.consumers who own these chairs should stop using them immediately and return the chairs to any k-mart store for a refund. replacement chairs will be available after may 15, 1995. consumers who need more information about this recall should contact any kmart store"
5.0,"this is a high quality wall charger that is easy to use at home, the office or on the go.  it does a great job at quickly charging my usb devices.  i would highly recommend this to anyone in need of a usb wall charger.",b076c58ymx,2018-10-08,Wall Charger Abosi 3 Pack 5V 1A UL Certified Universal Power Adapter USB 1 Port Home Wall Charger Plug Compatible with iPhone Samsung and More Device UL Listed,tpa95a050100uu,False,0.8687,0.8687,[],['loose'],True,"this recall involves the black power adapter sold with the nook tablet 7"". the adapter bears markings: model number tpa-95a050100uu, manufacture date 201610. the nook tablet 7"" model number bntv450 is located on the back of the nook."
5.0,very inexpensive way to solve charging problems while traveling. great product.,b076c58ymx,2020-03-10,Wall Charger Abosi 3 Pack 5V 1A UL Certified Universal Power Adapter USB 1 Port Home Wall Charger Plug Compatible with iPhone Samsung and More Device UL Listed,tpa95a050100uu,False,0.4939,0.4939,[],[],True,"this recall involves the black power adapter sold with the nook tablet 7"". the adapter bears markings: model number tpa-95a050100uu, manufacture date 201610. the nook tablet 7"" model number bntv450 is located on the back of the nook."
5.0,works as expected,b076c58ymx,2018-10-06,Wall Charger Abosi 3 Pack 5V 1A UL Certified Universal Power Adapter USB 1 Port Home Wall Charger Plug Compatible with iPhone Samsung and More Device UL Listed,tpa95a050100uu,False,0.0,0.0,[],[],True,"this recall involves the black power adapter sold with the nook tablet 7"". the adapter bears markings: model number tpa-95a050100uu, manufacture date 201610. the nook tablet 7"" model number bntv450 is located on the back of the nook."
1.0,"i am unsure why i expected more for the price, or maybe i didn't expect much at all. it functions fine, and seems pretty durable - but it is bulky and looks cheap.",b092zlwpbt,2022-03-11,ZIYE 2 Pack Phone Ring Holder Transparent Phone Finger Grip Universal 360 Degree Rotation Finger Ring Metal Kickstand Compatible iPhone Samsung and More Smartphones and Tablets(Silver&Rose Gold),adjustable,False,0.25,0.25,[],[],True,"april 17, 1995 release # 95-102 washington, dc - cpsc, the kmart corporation of troy, mich., is recalling 148,990 desk chairs. the chair's seat post may unexpectedly separate from the pedestal base, causing someone sitting in the chair to fall.consumers can identify the recalled chairs by kmart product code 21-86-61, item code 010218661114, printed on the outside of the retail carton. the chairs do not have an item number printed on them. the chair, which kmart sold nationwide from july 1993 to march 1995 for $29.99, was packaged unassembled in a cardboard box labeled in part ""basic designs adjustable office chair *** made in taiwan"". the gray upholstered rotary desk chair has a non-tilt seat and fixed back. the seat is attached to a five-prong metal pedestal base by a one-inch wide steel rod. there are two wheel casters on each prong of the pedestal base. the kmart corporation reported this hazard to cpsc after receiving seven reports of the seat unexpectedly detaching from the pedestal base.consumers who own these chairs should stop using them immediately and return the chairs to any k-mart store for a refund. replacement chairs will be available after may 15, 1995. consumers who need more information about this recall should contact any kmart store"
5.0,"i've had these for 3 weeks now and they work fine so far. i use them for smaller rechargeable devices like mp3 players, rechargeable flashlights, and bike lights, and i've even used these to charge my new phone and a large heavy duty work light with no problem, since then i've purchased some 2.1/2.4  amp chargers for the latter devices.<br />they don't get hot, and no failures yet.<br />and i've also discovered that not all charging/data cords are created equally. do yourself a favor if you haven't already, and spend a little extra money on higher quality cords, cheap charge cords are much of the reason the charger and it's corresponding devices will often times get hot when charging, and excessive heat will deteriorate lithium batteries faster.  and you couldn't have convinced me otherwise before i tried it and saw it with my own eyes.<br />so if these don't hold up to the test of time, i will update my review accordingly.<br />i would buy again, and highly recommend.<br />considering these and some others that i've recently purchased from amazon, recently and during the last  year or so, the only problem now is, i have way more wall chargers than devices to charge.<br />sounds like it's time to do some regifting.",b076c58ymx,2022-03-14,Wall Charger Abosi 3 Pack 5V 1A UL Certified Universal Power Adapter USB 1 Port Home Wall Charger Plug Compatible with iPhone Samsung and More Device UL Listed,tpa95a050100uu,False,0.8744,0.8744,[],"['loose', 'hot', 'weak']",True,"this recall involves the black power adapter sold with the nook tablet 7"". the adapter bears markings: model number tpa-95a050100uu, manufacture date 201610. the nook tablet 7"" model number bntv450 is located on the back of the nook."
5.0,"they work and they work well. 3 for a low price, they're a steal.",b076c58ymx,2020-07-08,Wall Charger Abosi 3 Pack 5V 1A UL Certified Universal Power Adapter USB 1 Port Home Wall Charger Plug Compatible with iPhone Samsung and More Device UL Listed,tpa95a050100uu,False,-0.4939,-0.4939,[],[],True,"this recall involves the black power adapter sold with the nook tablet 7"". the adapter bears markings: model number tpa-95a050100uu, manufacture date 201610. the nook tablet 7"" model number bntv450 is located on the back of the nook."
3.0,i was really looking forward to this as it would serve two function: as a stand/holder for my phone; and a magnet for my car phone holder.  but the whole thing broke after two weeks. 😕,b091f7pqrk,2021-12-26,"ZIYE Universal Phone Ring Holder Finger Kickstand, Foldable Cell Phone Stand 360 Degree Rotation Metal Ring Grip Holder for Magnetic Car Mount Compatible with All Smartphone (Gold)",adjustable,False,-0.7684,-0.7684,[],[],True,"april 17, 1995 release # 95-102 washington, dc - cpsc, the kmart corporation of troy, mich., is recalling 148,990 desk chairs. the chair's seat post may unexpectedly separate from the pedestal base, causing someone sitting in the chair to fall.consumers can identify the recalled chairs by kmart product code 21-86-61, item code 010218661114, printed on the outside of the retail carton. the chairs do not have an item number printed on them. the chair, which kmart sold nationwide from july 1993 to march 1995 for $29.99, was packaged unassembled in a cardboard box labeled in part ""basic designs adjustable office chair *** made in taiwan"". the gray upholstered rotary desk chair has a non-tilt seat and fixed back. the seat is attached to a five-prong metal pedestal base by a one-inch wide steel rod. there are two wheel casters on each prong of the pedestal base. the kmart corporation reported this hazard to cpsc after receiving seven reports of the seat unexpectedly detaching from the pedestal base.consumers who own these chairs should stop using them immediately and return the chairs to any k-mart store for a refund. replacement chairs will be available after may 15, 1995. consumers who need more information about this recall should contact any kmart store"
5.0,"so far so good. they all work, my phone charges without problems using different cables. can’t complain.",b076c58ymx,2021-02-04,Wall Charger Abosi 3 Pack 5V 1A UL Certified Universal Power Adapter USB 1 Port Home Wall Charger Plug Compatible with iPhone Samsung and More Device UL Listed,tpa95a050100uu,False,0.4076,0.4076,[],[],True,"this recall involves the black power adapter sold with the nook tablet 7"". the adapter bears markings: model number tpa-95a050100uu, manufacture date 201610. the nook tablet 7"" model number bntv450 is located on the back of the nook."
5.0,works as expected,b076c58ymx,2018-07-29,Wall Charger Abosi 3 Pack 5V 1A UL Certified Universal Power Adapter USB 1 Port Home Wall Charger Plug Compatible with iPhone Samsung and More Device UL Listed,tpa95a050100uu,False,0.0,0.0,[],[],True,"this recall involves the black power adapter sold with the nook tablet 7"". the adapter bears markings: model number tpa-95a050100uu, manufacture date 201610. the nook tablet 7"" model number bntv450 is located on the back of the nook."
5.0,used these on a samsung galaxy xcover and they work great.<br />get a fast charge with these and they don't cause a significant amount of battery heat like most i've tried.<br />they were very well packaged also.<br />i bought 6 more after trying these and plan to give them as gifts.<br />great product  :),b076c58ymx,2022-11-30,Wall Charger Abosi 3 Pack 5V 1A UL Certified Universal Power Adapter USB 1 Port Home Wall Charger Plug Compatible with iPhone Samsung and More Device UL Listed,tpa95a050100uu,False,0.886,0.886,[],[],True,"this recall involves the black power adapter sold with the nook tablet 7"". the adapter bears markings: model number tpa-95a050100uu, manufacture date 201610. the nook tablet 7"" model number bntv450 is located on the back of the nook."
5.0,have tested these.  they meet specs.  like them for overnight charging without fear of anything overheating.  two fit in one wall outlet.,b076c58ymx,2022-12-08,Wall Charger Abosi 3 Pack 5V 1A UL Certified Universal Power Adapter USB 1 Port Home Wall Charger Plug Compatible with iPhone Samsung and More Device UL Listed,tpa95a050100uu,False,0.7669,0.7669,[],[],True,"this recall involves the black power adapter sold with the nook tablet 7"". the adapter bears markings: model number tpa-95a050100uu, manufacture date 201610. the nook tablet 7"" model number bntv450 is located on the back of the nook."
2.0,but gets concerningly hot.,b076c58ymx,2018-03-14,Wall Charger Abosi 3 Pack 5V 1A UL Certified Universal Power Adapter USB 1 Port Home Wall Charger Plug Compatible with iPhone Samsung and More Device UL Listed,tpa95a050100uu,False,0.0,0.0,[],[],True,"this recall involves the black power adapter sold with the nook tablet 7"". the adapter bears markings: model number tpa-95a050100uu, manufacture date 201610. the nook tablet 7"" model number bntv450 is located on the back of the nook."
1.0,don't waste your money. the adhesive came with a large bump in the center and with dirt stuck in the adhesive (gross!),b092zlwpbt,2022-01-14,ZIYE 2 Pack Phone Ring Holder Transparent Phone Finger Grip Universal 360 Degree Rotation Finger Ring Metal Kickstand Compatible iPhone Samsung and More Smartphones and Tablets(Silver&Rose Gold),adjustable,False,-0.6662,-0.6662,[],['stuck'],True,"april 17, 1995 release # 95-102 washington, dc - cpsc, the kmart corporation of troy, mich., is recalling 148,990 desk chairs. the chair's seat post may unexpectedly separate from the pedestal base, causing someone sitting in the chair to fall.consumers can identify the recalled chairs by kmart product code 21-86-61, item code 010218661114, printed on the outside of the retail carton. the chairs do not have an item number printed on them. the chair, which kmart sold nationwide from july 1993 to march 1995 for $29.99, was packaged unassembled in a cardboard box labeled in part ""basic designs adjustable office chair *** made in taiwan"". the gray upholstered rotary desk chair has a non-tilt seat and fixed back. the seat is attached to a five-prong metal pedestal base by a one-inch wide steel rod. there are two wheel casters on each prong of the pedestal base. the kmart corporation reported this hazard to cpsc after receiving seven reports of the seat unexpectedly detaching from the pedestal base.consumers who own these chairs should stop using them immediately and return the chairs to any k-mart store for a refund. replacement chairs will be available after may 15, 1995. consumers who need more information about this recall should contact any kmart store"
5.0,great price for a 3pk! works with all of our various usb charger cords.,b076c58ymx,2018-07-05,Wall Charger Abosi 3 Pack 5V 1A UL Certified Universal Power Adapter USB 1 Port Home Wall Charger Plug Compatible with iPhone Samsung and More Device UL Listed,tpa95a050100uu,False,0.6588,0.6588,[],[],True,"this recall involves the black power adapter sold with the nook tablet 7"". the adapter bears markings: model number tpa-95a050100uu, manufacture date 201610. the nook tablet 7"" model number bntv450 is located on the back of the nook."
5.0,can charge everything now,b076c58ymx,2018-05-10,Wall Charger Abosi 3 Pack 5V 1A UL Certified Universal Power Adapter USB 1 Port Home Wall Charger Plug Compatible with iPhone Samsung and More Device UL Listed,tpa95a050100uu,False,0.0,0.0,[],[],True,"this recall involves the black power adapter sold with the nook tablet 7"". the adapter bears markings: model number tpa-95a050100uu, manufacture date 201610. the nook tablet 7"" model number bntv450 is located on the back of the nook."
5.0,they work as expected,b076c58ymx,2022-04-03,Wall Charger Abosi 3 Pack 5V 1A UL Certified Universal Power Adapter USB 1 Port Home Wall Charger Plug Compatible with iPhone Samsung and More Device UL Listed,tpa95a050100uu,False,0.0,0.0,[],[],True,"this recall involves the black power adapter sold with the nook tablet 7"". the adapter bears markings: model number tpa-95a050100uu, manufacture date 201610. the nook tablet 7"" model number bntv450 is located on the back of the nook."
5.0,work great for e-cigs. getting hard to find at brick and mortar shops.,b076c58ymx,2019-07-20,Wall Charger Abosi 3 Pack 5V 1A UL Certified Universal Power Adapter USB 1 Port Home Wall Charger Plug Compatible with iPhone Samsung and More Device UL Listed,tpa95a050100uu,False,0.5719,0.5719,[],['severe'],True,"this recall involves the black power adapter sold with the nook tablet 7"". the adapter bears markings: model number tpa-95a050100uu, manufacture date 201610. the nook tablet 7"" model number bntv450 is located on the back of the nook."
1.0,charging a phone for just a few minutes and touched the adapter not thinking anything of it and it was hot. that was the first time i used the thing. no way will i trust these things not to start a fire. wish i had kept the box. what a waste. do not recommend.,b076c58ymx,2020-11-07,Wall Charger Abosi 3 Pack 5V 1A UL Certified Universal Power Adapter USB 1 Port Home Wall Charger Plug Compatible with iPhone Samsung and More Device UL Listed,tpa95a050100uu,False,-0.3632,-0.3632,[],[],True,"this recall involves the black power adapter sold with the nook tablet 7"". the adapter bears markings: model number tpa-95a050100uu, manufacture date 201610. the nook tablet 7"" model number bntv450 is located on the back of the nook."
5.0,work great months later!,b076c58ymx,2019-05-26,Wall Charger Abosi 3 Pack 5V 1A UL Certified Universal Power Adapter USB 1 Port Home Wall Charger Plug Compatible with iPhone Samsung and More Device UL Listed,tpa95a050100uu,False,0.6588,0.6588,[],[],True,"this recall involves the black power adapter sold with the nook tablet 7"". the adapter bears markings: model number tpa-95a050100uu, manufacture date 201610. the nook tablet 7"" model number bntv450 is located on the back of the nook."
1.0,theyr ok,b076c58ymx,2020-03-01,Wall Charger Abosi 3 Pack 5V 1A UL Certified Universal Power Adapter USB 1 Port Home Wall Charger Plug Compatible with iPhone Samsung and More Device UL Listed,tpa95a050100uu,False,0.296,0.296,[],[],True,"this recall involves the black power adapter sold with the nook tablet 7"". the adapter bears markings: model number tpa-95a050100uu, manufacture date 201610. the nook tablet 7"" model number bntv450 is located on the back of the nook."
5.0,"this is a great charger for overnight charging. my ticwatch recommends a 5volt, 1amp charger.",b076c58ymx,2020-02-09,Wall Charger Abosi 3 Pack 5V 1A UL Certified Universal Power Adapter USB 1 Port Home Wall Charger Plug Compatible with iPhone Samsung and More Device UL Listed,tpa95a050100uu,False,0.7184,0.7184,[],[],True,"this recall involves the black power adapter sold with the nook tablet 7"". the adapter bears markings: model number tpa-95a050100uu, manufacture date 201610. the nook tablet 7"" model number bntv450 is located on the back of the nook."
5.0,i really like the size of these. they work and aren’t so awkward in small spaces!,b076c58ymx,2022-07-31,Wall Charger Abosi 3 Pack 5V 1A UL Certified Universal Power Adapter USB 1 Port Home Wall Charger Plug Compatible with iPhone Samsung and More Device UL Listed,tpa95a050100uu,False,0.2427,0.2427,[],[],True,"this recall involves the black power adapter sold with the nook tablet 7"". the adapter bears markings: model number tpa-95a050100uu, manufacture date 201610. the nook tablet 7"" model number bntv450 is located on the back of the nook."
5.0,"this set of three charges is a great value for the money.  the chargers have proven to be well constructed, very reliable, and work with my iphone, ipads, kindle tablets, and 510 threaded batteries.  definitely a recommended buy - i have bought a number of times.",b076c58ymx,2018-11-05,Wall Charger Abosi 3 Pack 5V 1A UL Certified Universal Power Adapter USB 1 Port Home Wall Charger Plug Compatible with iPhone Samsung and More Device UL Listed,tpa95a050100uu,False,0.8834,0.8834,[],[],True,"this recall involves the black power adapter sold with the nook tablet 7"". the adapter bears markings: model number tpa-95a050100uu, manufacture date 201610. the nook tablet 7"" model number bntv450 is located on the back of the nook."
5.0,arrived on time and do the job well,b076c58ymx,2020-12-03,Wall Charger Abosi 3 Pack 5V 1A UL Certified Universal Power Adapter USB 1 Port Home Wall Charger Plug Compatible with iPhone Samsung and More Device UL Listed,tpa95a050100uu,False,0.2732,0.2732,[],[],True,"this recall involves the black power adapter sold with the nook tablet 7"". the adapter bears markings: model number tpa-95a050100uu, manufacture date 201610. the nook tablet 7"" model number bntv450 is located on the back of the nook."
2.0,they break easily and made in china,b076c58ymx,2019-03-06,Wall Charger Abosi 3 Pack 5V 1A UL Certified Universal Power Adapter USB 1 Port Home Wall Charger Plug Compatible with iPhone Samsung and More Device UL Listed,tpa95a050100uu,False,0.34,0.34,[],"['breakage', 'fracture', 'break']",True,"this recall involves the black power adapter sold with the nook tablet 7"". the adapter bears markings: model number tpa-95a050100uu, manufacture date 201610. the nook tablet 7"" model number bntv450 is located on the back of the nook."
5.0,"works perfectly, as described, fast shipping.",b076c58ymx,2018-06-17,Wall Charger Abosi 3 Pack 5V 1A UL Certified Universal Power Adapter USB 1 Port Home Wall Charger Plug Compatible with iPhone Samsung and More Device UL Listed,tpa95a050100uu,False,0.6369,0.6369,[],[],True,"this recall involves the black power adapter sold with the nook tablet 7"". the adapter bears markings: model number tpa-95a050100uu, manufacture date 201610. the nook tablet 7"" model number bntv450 is located on the back of the nook."
5.0,works great and a good price.,b076c58ymx,2019-03-22,Wall Charger Abosi 3 Pack 5V 1A UL Certified Universal Power Adapter USB 1 Port Home Wall Charger Plug Compatible with iPhone Samsung and More Device UL Listed,tpa95a050100uu,False,0.7906,0.7906,[],[],True,"this recall involves the black power adapter sold with the nook tablet 7"". the adapter bears markings: model number tpa-95a050100uu, manufacture date 201610. the nook tablet 7"" model number bntv450 is located on the back of the nook."
5.0,very clear and sturdy,b092zlwpbt,2021-07-18,ZIYE 2 Pack Phone Ring Holder Transparent Phone Finger Grip Universal 360 Degree Rotation Finger Ring Metal Kickstand Compatible iPhone Samsung and More Smartphones and Tablets(Silver&Rose Gold),adjustable,False,0.4391,0.4391,[],[],True,"april 17, 1995 release # 95-102 washington, dc - cpsc, the kmart corporation of troy, mich., is recalling 148,990 desk chairs. the chair's seat post may unexpectedly separate from the pedestal base, causing someone sitting in the chair to fall.consumers can identify the recalled chairs by kmart product code 21-86-61, item code 010218661114, printed on the outside of the retail carton. the chairs do not have an item number printed on them. the chair, which kmart sold nationwide from july 1993 to march 1995 for $29.99, was packaged unassembled in a cardboard box labeled in part ""basic designs adjustable office chair *** made in taiwan"". the gray upholstered rotary desk chair has a non-tilt seat and fixed back. the seat is attached to a five-prong metal pedestal base by a one-inch wide steel rod. there are two wheel casters on each prong of the pedestal base. the kmart corporation reported this hazard to cpsc after receiving seven reports of the seat unexpectedly detaching from the pedestal base.consumers who own these chairs should stop using them immediately and return the chairs to any k-mart store for a refund. replacement chairs will be available after may 15, 1995. consumers who need more information about this recall should contact any kmart store"
5.0,just as described and what i needed,b076c58ymx,2019-03-14,Wall Charger Abosi 3 Pack 5V 1A UL Certified Universal Power Adapter USB 1 Port Home Wall Charger Plug Compatible with iPhone Samsung and More Device UL Listed,tpa95a050100uu,False,0.0,0.0,[],[],True,"this recall involves the black power adapter sold with the nook tablet 7"". the adapter bears markings: model number tpa-95a050100uu, manufacture date 201610. the nook tablet 7"" model number bntv450 is located on the back of the nook."
5.0,"they work as described. i bought a set of grow lights that did not come with a regular wall plug, but a usb plug. these little ""converters"" worked.",b076c58ymx,2020-07-14,Wall Charger Abosi 3 Pack 5V 1A UL Certified Universal Power Adapter USB 1 Port Home Wall Charger Plug Compatible with iPhone Samsung and More Device UL Listed,tpa95a050100uu,False,0.0,0.0,[],[],True,"this recall involves the black power adapter sold with the nook tablet 7"". the adapter bears markings: model number tpa-95a050100uu, manufacture date 201610. the nook tablet 7"" model number bntv450 is located on the back of the nook."
4.0,these do work better than the cube chargers i have but are a little large to use in strip outlets blocks adjoining outlet,b076c58ymx,2018-11-10,Wall Charger Abosi 3 Pack 5V 1A UL Certified Universal Power Adapter USB 1 Port Home Wall Charger Plug Compatible with iPhone Samsung and More Device UL Listed,tpa95a050100uu,False,-0.1027,-0.1027,[],[],True,"this recall involves the black power adapter sold with the nook tablet 7"". the adapter bears markings: model number tpa-95a050100uu, manufacture date 201610. the nook tablet 7"" model number bntv450 is located on the back of the nook."
5.0,where else can you find (3) 5 volt 1 amp power supplies for under $10? they work great! great price!,b076c58ymx,2021-11-30,Wall Charger Abosi 3 Pack 5V 1A UL Certified Universal Power Adapter USB 1 Port Home Wall Charger Plug Compatible with iPhone Samsung and More Device UL Listed,tpa95a050100uu,False,0.8889,0.8889,[],[],True,"this recall involves the black power adapter sold with the nook tablet 7"". the adapter bears markings: model number tpa-95a050100uu, manufacture date 201610. the nook tablet 7"" model number bntv450 is located on the back of the nook."
5.0,liked the value of three items for the price. a bit hard to hold onto,b092zpydnh,2022-06-01,ZIYE 3 Pack Phone Ring Holder Universal 360 Degree Rotation Finger Ring Kickstand Compatible iPhone Samsung Smartphones and Tablets - Flower,adjustable,False,0.5859,0.5859,[],['severe'],True,"april 17, 1995 release # 95-102 washington, dc - cpsc, the kmart corporation of troy, mich., is recalling 148,990 desk chairs. the chair's seat post may unexpectedly separate from the pedestal base, causing someone sitting in the chair to fall.consumers can identify the recalled chairs by kmart product code 21-86-61, item code 010218661114, printed on the outside of the retail carton. the chairs do not have an item number printed on them. the chair, which kmart sold nationwide from july 1993 to march 1995 for $29.99, was packaged unassembled in a cardboard box labeled in part ""basic designs adjustable office chair *** made in taiwan"". the gray upholstered rotary desk chair has a non-tilt seat and fixed back. the seat is attached to a five-prong metal pedestal base by a one-inch wide steel rod. there are two wheel casters on each prong of the pedestal base. the kmart corporation reported this hazard to cpsc after receiving seven reports of the seat unexpectedly detaching from the pedestal base.consumers who own these chairs should stop using them immediately and return the chairs to any k-mart store for a refund. replacement chairs will be available after may 15, 1995. consumers who need more information about this recall should contact any kmart store"
5.0,"good deal on 3 pack of 5v a/c power mini bricks. works on iphones, zmodo web cams, bluetooth earbuds, etc.",b076c58ymx,2019-01-03,Wall Charger Abosi 3 Pack 5V 1A UL Certified Universal Power Adapter USB 1 Port Home Wall Charger Plug Compatible with iPhone Samsung and More Device UL Listed,tpa95a050100uu,False,0.4404,0.4404,[],[],True,"this recall involves the black power adapter sold with the nook tablet 7"". the adapter bears markings: model number tpa-95a050100uu, manufacture date 201610. the nook tablet 7"" model number bntv450 is located on the back of the nook."
5.0,"so you're tired of accusing your coworkers of stealing your chargers at work, or maybe your friends borrow them and ""forget"" to return them, or maybe you just want an charger for every outlet in your house. well no problem! these chargers solve all those existing issues... except one, they're not fast charging compatible (1a output). if that's a problem for you, these chargers aren't for you. but, if you're looking for cheap, basic, generic, china-made chargers that you can hand out to your coworkers like a kid at school with a fresh pack of 5 gum. these will do just fine.",b076c58ymx,2020-02-20,Wall Charger Abosi 3 Pack 5V 1A UL Certified Universal Power Adapter USB 1 Port Home Wall Charger Plug Compatible with iPhone Samsung and More Device UL Listed,tpa95a050100uu,False,0.8929,0.8929,[],[],True,"this recall involves the black power adapter sold with the nook tablet 7"". the adapter bears markings: model number tpa-95a050100uu, manufacture date 201610. the nook tablet 7"" model number bntv450 is located on the back of the nook."
5.0,worked fine as described!,b076c58ymx,2020-11-16,Wall Charger Abosi 3 Pack 5V 1A UL Certified Universal Power Adapter USB 1 Port Home Wall Charger Plug Compatible with iPhone Samsung and More Device UL Listed,tpa95a050100uu,False,0.2714,0.2714,[],[],True,"this recall involves the black power adapter sold with the nook tablet 7"". the adapter bears markings: model number tpa-95a050100uu, manufacture date 201610. the nook tablet 7"" model number bntv450 is located on the back of the nook."
4.0,"nice, decent quality wall chargers for the price. can be used with various types of usb connectivity devices (specifically purchased as replacement for apple & android products) with no adverse affects. we have also used these for mini led (string) lights that require a usb connection for well over a year, lit daily and on a timer for 4-6 hours.",b076c58ymx,2019-01-15,Wall Charger Abosi 3 Pack 5V 1A UL Certified Universal Power Adapter USB 1 Port Home Wall Charger Plug Compatible with iPhone Samsung and More Device UL Listed,tpa95a050100uu,False,0.7193,0.7193,[],[],True,"this recall involves the black power adapter sold with the nook tablet 7"". the adapter bears markings: model number tpa-95a050100uu, manufacture date 201610. the nook tablet 7"" model number bntv450 is located on the back of the nook."
5.0,exactly what i needed to charge my ticwatch s2.,b076c58ymx,2020-02-05,Wall Charger Abosi 3 Pack 5V 1A UL Certified Universal Power Adapter USB 1 Port Home Wall Charger Plug Compatible with iPhone Samsung and More Device UL Listed,tpa95a050100uu,False,0.0,0.0,[],[],True,"this recall involves the black power adapter sold with the nook tablet 7"". the adapter bears markings: model number tpa-95a050100uu, manufacture date 201610. the nook tablet 7"" model number bntv450 is located on the back of the nook."
5.0,good quality product.,b076c58ymx,2018-04-20,Wall Charger Abosi 3 Pack 5V 1A UL Certified Universal Power Adapter USB 1 Port Home Wall Charger Plug Compatible with iPhone Samsung and More Device UL Listed,tpa95a050100uu,False,0.4404,0.4404,[],[],True,"this recall involves the black power adapter sold with the nook tablet 7"". the adapter bears markings: model number tpa-95a050100uu, manufacture date 201610. the nook tablet 7"" model number bntv450 is located on the back of the nook."
5.0,"the device arived in a good condition. i'm more than satisfied with it and it is exactly what i've been looking for. also, the color is so amaizing and cool a d the device is so light.",b0178g2xui,2017-01-08,"Samsung Galaxy Tab A with S Pen P355Y 16GB 8"" 16GB LTE GSM Unlocked (Smoky Titanium)",titanium,False,0.8197,0.8197,[],[],True,"the power foundations are motorized bed frames, controlled by handheld remotes, which enable the head and/or the foot of the bed mattress to be moved up and down. these power foundations were offered in all bed sizes and they were sold with handheld remote controls. the recalled models are ""titanium,"" ""gold"" and ""signature"" by leggett & platt and other brands names including interflex, american signature, spring air, sealy and simmons. since power foundations look very similar, consumers should identify their products by looking at the remote controls. the remotes controls are either black or dark gray and feature multiple buttons and a label with one of these brand names: adjustables by leggett & platt, interflex, american signature, sealy, simmons or spring air. photographs of these remotes and these labels can be viewed anytime at www.titaniumrecall.com. no other power foundations are involved in this recall."
5.0,work great! i need to buy a few more! so hand to have extras!,b076c58ymx,2018-04-30,Wall Charger Abosi 3 Pack 5V 1A UL Certified Universal Power Adapter USB 1 Port Home Wall Charger Plug Compatible with iPhone Samsung and More Device UL Listed,tpa95a050100uu,False,0.887,0.887,[],[],True,"this recall involves the black power adapter sold with the nook tablet 7"". the adapter bears markings: model number tpa-95a050100uu, manufacture date 201610. the nook tablet 7"" model number bntv450 is located on the back of the nook."
5.0,these are great!! i recommend!,b076c58ymx,2019-10-05,Wall Charger Abosi 3 Pack 5V 1A UL Certified Universal Power Adapter USB 1 Port Home Wall Charger Plug Compatible with iPhone Samsung and More Device UL Listed,tpa95a050100uu,False,0.8164,0.8164,[],[],True,"this recall involves the black power adapter sold with the nook tablet 7"". the adapter bears markings: model number tpa-95a050100uu, manufacture date 201610. the nook tablet 7"" model number bntv450 is located on the back of the nook."
5.0,"these wall charges are great for cell phone, electric toothbrush, tablet and any thing else requiring a usb port.  i use these everyday and so far no issues.",b076c58ymx,2018-11-19,Wall Charger Abosi 3 Pack 5V 1A UL Certified Universal Power Adapter USB 1 Port Home Wall Charger Plug Compatible with iPhone Samsung and More Device UL Listed,tpa95a050100uu,False,0.1335,0.1335,[],[],True,"this recall involves the black power adapter sold with the nook tablet 7"". the adapter bears markings: model number tpa-95a050100uu, manufacture date 201610. the nook tablet 7"" model number bntv450 is located on the back of the nook."
5.0,good value for 3 chargers. fit securely into power outlet l.  connects easily with devices without easily coming apart.,b076c58ymx,2021-04-08,Wall Charger Abosi 3 Pack 5V 1A UL Certified Universal Power Adapter USB 1 Port Home Wall Charger Plug Compatible with iPhone Samsung and More Device UL Listed,tpa95a050100uu,False,0.8613,0.8613,[],[],True,"this recall involves the black power adapter sold with the nook tablet 7"". the adapter bears markings: model number tpa-95a050100uu, manufacture date 201610. the nook tablet 7"" model number bntv450 is located on the back of the nook."
5.0,i like how mall and compact they are. they work great for my iphone 8 and se,b076c58ymx,2018-12-04,Wall Charger Abosi 3 Pack 5V 1A UL Certified Universal Power Adapter USB 1 Port Home Wall Charger Plug Compatible with iPhone Samsung and More Device UL Listed,tpa95a050100uu,False,0.765,0.765,[],[],True,"this recall involves the black power adapter sold with the nook tablet 7"". the adapter bears markings: model number tpa-95a050100uu, manufacture date 201610. the nook tablet 7"" model number bntv450 is located on the back of the nook."
2.0,"this product is not compatible with ipod shuffles as it was stated in the product description. there must be some voltage feedback to the ipod shuffle charger that the ac adapter from apple provides in order for the charging indicator to work properly. with the abosi adapter, the charging indicator light on the ipod shuffle just blinks amber momentarily and then it turns off. without the charging indicator, there is no way to tell if the batteries are charging. one runs the risk of overcharging the batteries with this abosi adapter.<br />other than the compatibility issues with ipods, the abosi adapter works fine with numerous android devices, fitbit, jabra, etc.",b076c58ymx,2018-06-24,Wall Charger Abosi 3 Pack 5V 1A UL Certified Universal Power Adapter USB 1 Port Home Wall Charger Plug Compatible with iPhone Samsung and More Device UL Listed,tpa95a050100uu,False,-0.3612,-0.3612,[],"['loose', 'hazard', 'danger', 'weak', 'risk']",True,"this recall involves the black power adapter sold with the nook tablet 7"". the adapter bears markings: model number tpa-95a050100uu, manufacture date 201610. the nook tablet 7"" model number bntv450 is located on the back of the nook."
5.0,works well with apple products,b076c58ymx,2021-01-14,Wall Charger Abosi 3 Pack 5V 1A UL Certified Universal Power Adapter USB 1 Port Home Wall Charger Plug Compatible with iPhone Samsung and More Device UL Listed,tpa95a050100uu,False,0.2732,0.2732,[],[],True,"this recall involves the black power adapter sold with the nook tablet 7"". the adapter bears markings: model number tpa-95a050100uu, manufacture date 201610. the nook tablet 7"" model number bntv450 is located on the back of the nook."
1.0,very cheap looking item.,b092zlwpbt,2021-11-30,ZIYE 2 Pack Phone Ring Holder Transparent Phone Finger Grip Universal 360 Degree Rotation Finger Ring Metal Kickstand Compatible iPhone Samsung and More Smartphones and Tablets(Silver&Rose Gold),adjustable,False,0.0,0.0,[],[],True,"april 17, 1995 release # 95-102 washington, dc - cpsc, the kmart corporation of troy, mich., is recalling 148,990 desk chairs. the chair's seat post may unexpectedly separate from the pedestal base, causing someone sitting in the chair to fall.consumers can identify the recalled chairs by kmart product code 21-86-61, item code 010218661114, printed on the outside of the retail carton. the chairs do not have an item number printed on them. the chair, which kmart sold nationwide from july 1993 to march 1995 for $29.99, was packaged unassembled in a cardboard box labeled in part ""basic designs adjustable office chair *** made in taiwan"". the gray upholstered rotary desk chair has a non-tilt seat and fixed back. the seat is attached to a five-prong metal pedestal base by a one-inch wide steel rod. there are two wheel casters on each prong of the pedestal base. the kmart corporation reported this hazard to cpsc after receiving seven reports of the seat unexpectedly detaching from the pedestal base.consumers who own these chairs should stop using them immediately and return the chairs to any k-mart store for a refund. replacement chairs will be available after may 15, 1995. consumers who need more information about this recall should contact any kmart store"
5.0,inexpensive and provides several phone charger stations around the house.,b076c58ymx,2019-12-18,Wall Charger Abosi 3 Pack 5V 1A UL Certified Universal Power Adapter USB 1 Port Home Wall Charger Plug Compatible with iPhone Samsung and More Device UL Listed,tpa95a050100uu,False,0.0,0.0,[],[],True,"this recall involves the black power adapter sold with the nook tablet 7"". the adapter bears markings: model number tpa-95a050100uu, manufacture date 201610. the nook tablet 7"" model number bntv450 is located on the back of the nook."
5.0,great quality for a great price! 10 out of 10 for these,b076c58ymx,2021-08-14,Wall Charger Abosi 3 Pack 5V 1A UL Certified Universal Power Adapter USB 1 Port Home Wall Charger Plug Compatible with iPhone Samsung and More Device UL Listed,tpa95a050100uu,False,0.8588,0.8588,[],[],True,"this recall involves the black power adapter sold with the nook tablet 7"". the adapter bears markings: model number tpa-95a050100uu, manufacture date 201610. the nook tablet 7"" model number bntv450 is located on the back of the nook."
5.0,works for several different items,b076c58ymx,2019-11-05,Wall Charger Abosi 3 Pack 5V 1A UL Certified Universal Power Adapter USB 1 Port Home Wall Charger Plug Compatible with iPhone Samsung and More Device UL Listed,tpa95a050100uu,False,0.0,0.0,[],[],True,"this recall involves the black power adapter sold with the nook tablet 7"". the adapter bears markings: model number tpa-95a050100uu, manufacture date 201610. the nook tablet 7"" model number bntv450 is located on the back of the nook."
5.0,great chargers... bought them with long cords. happy.,b076c58ymx,2018-03-07,Wall Charger Abosi 3 Pack 5V 1A UL Certified Universal Power Adapter USB 1 Port Home Wall Charger Plug Compatible with iPhone Samsung and More Device UL Listed,tpa95a050100uu,False,0.8316,0.8316,[],[],True,"this recall involves the black power adapter sold with the nook tablet 7"". the adapter bears markings: model number tpa-95a050100uu, manufacture date 201610. the nook tablet 7"" model number bntv450 is located on the back of the nook."
5.0,it seem to high quality and u/l listed and other safety fetures,b076c58ymx,2019-08-21,Wall Charger Abosi 3 Pack 5V 1A UL Certified Universal Power Adapter USB 1 Port Home Wall Charger Plug Compatible with iPhone Samsung and More Device UL Listed,tpa95a050100uu,False,0.4215,0.4215,[],['safety'],True,"this recall involves the black power adapter sold with the nook tablet 7"". the adapter bears markings: model number tpa-95a050100uu, manufacture date 201610. the nook tablet 7"" model number bntv450 is located on the back of the nook."
5.0,i use these charging adapters with my iphone! they work really well!,b076c58ymx,2018-09-18,Wall Charger Abosi 3 Pack 5V 1A UL Certified Universal Power Adapter USB 1 Port Home Wall Charger Plug Compatible with iPhone Samsung and More Device UL Listed,tpa95a050100uu,False,0.4547,0.4547,[],[],True,"this recall involves the black power adapter sold with the nook tablet 7"". the adapter bears markings: model number tpa-95a050100uu, manufacture date 201610. the nook tablet 7"" model number bntv450 is located on the back of the nook."
5.0,"seems like someone in the family always needs a usb charging adapter. these work great, so i always keep extras around.",b076c58ymx,2021-10-16,Wall Charger Abosi 3 Pack 5V 1A UL Certified Universal Power Adapter USB 1 Port Home Wall Charger Plug Compatible with iPhone Samsung and More Device UL Listed,tpa95a050100uu,False,0.765,0.765,[],[],True,"this recall involves the black power adapter sold with the nook tablet 7"". the adapter bears markings: model number tpa-95a050100uu, manufacture date 201610. the nook tablet 7"" model number bntv450 is located on the back of the nook."
5.0,"good quality, fast ship, works fine, good packaging",b076c58ymx,2020-06-12,Wall Charger Abosi 3 Pack 5V 1A UL Certified Universal Power Adapter USB 1 Port Home Wall Charger Plug Compatible with iPhone Samsung and More Device UL Listed,tpa95a050100uu,False,0.765,0.765,[],[],True,"this recall involves the black power adapter sold with the nook tablet 7"". the adapter bears markings: model number tpa-95a050100uu, manufacture date 201610. the nook tablet 7"" model number bntv450 is located on the back of the nook."
5.0,"these appear to be very good quality,  they have weight to them.",b076c58ymx,2018-09-10,Wall Charger Abosi 3 Pack 5V 1A UL Certified Universal Power Adapter USB 1 Port Home Wall Charger Plug Compatible with iPhone Samsung and More Device UL Listed,tpa95a050100uu,False,0.4927,0.4927,[],[],True,"this recall involves the black power adapter sold with the nook tablet 7"". the adapter bears markings: model number tpa-95a050100uu, manufacture date 201610. the nook tablet 7"" model number bntv450 is located on the back of the nook."
5.0,"adheres well, good size, great price for amount received.",b092zlwpbt,2021-07-24,ZIYE 2 Pack Phone Ring Holder Transparent Phone Finger Grip Universal 360 Degree Rotation Finger Ring Metal Kickstand Compatible iPhone Samsung and More Smartphones and Tablets(Silver&Rose Gold),adjustable,False,0.8442,0.8442,[],[],True,"april 17, 1995 release # 95-102 washington, dc - cpsc, the kmart corporation of troy, mich., is recalling 148,990 desk chairs. the chair's seat post may unexpectedly separate from the pedestal base, causing someone sitting in the chair to fall.consumers can identify the recalled chairs by kmart product code 21-86-61, item code 010218661114, printed on the outside of the retail carton. the chairs do not have an item number printed on them. the chair, which kmart sold nationwide from july 1993 to march 1995 for $29.99, was packaged unassembled in a cardboard box labeled in part ""basic designs adjustable office chair *** made in taiwan"". the gray upholstered rotary desk chair has a non-tilt seat and fixed back. the seat is attached to a five-prong metal pedestal base by a one-inch wide steel rod. there are two wheel casters on each prong of the pedestal base. the kmart corporation reported this hazard to cpsc after receiving seven reports of the seat unexpectedly detaching from the pedestal base.consumers who own these chairs should stop using them immediately and return the chairs to any k-mart store for a refund. replacement chairs will be available after may 15, 1995. consumers who need more information about this recall should contact any kmart store"
3.0,bought for traveling works good just gets really hot,b076c58ymx,2019-12-10,Wall Charger Abosi 3 Pack 5V 1A UL Certified Universal Power Adapter USB 1 Port Home Wall Charger Plug Compatible with iPhone Samsung and More Device UL Listed,tpa95a050100uu,False,0.4404,0.4404,[],['hot'],True,"this recall involves the black power adapter sold with the nook tablet 7"". the adapter bears markings: model number tpa-95a050100uu, manufacture date 201610. the nook tablet 7"" model number bntv450 is located on the back of the nook."
5.0,needed it for a spare for my next trip,b076c58ymx,2020-03-04,Wall Charger Abosi 3 Pack 5V 1A UL Certified Universal Power Adapter USB 1 Port Home Wall Charger Plug Compatible with iPhone Samsung and More Device UL Listed,tpa95a050100uu,False,0.0,0.0,[],[],True,"this recall involves the black power adapter sold with the nook tablet 7"". the adapter bears markings: model number tpa-95a050100uu, manufacture date 201610. the nook tablet 7"" model number bntv450 is located on the back of the nook."
4.0,works greatvat charging the ticwatch pro at 1a recommended by the manufacturer.,b076c58ymx,2020-01-21,Wall Charger Abosi 3 Pack 5V 1A UL Certified Universal Power Adapter USB 1 Port Home Wall Charger Plug Compatible with iPhone Samsung and More Device UL Listed,tpa95a050100uu,False,0.2023,0.2023,[],[],True,"this recall involves the black power adapter sold with the nook tablet 7"". the adapter bears markings: model number tpa-95a050100uu, manufacture date 201610. the nook tablet 7"" model number bntv450 is located on the back of the nook."
5.0,works perfectly,b076c58ymx,2018-03-23,Wall Charger Abosi 3 Pack 5V 1A UL Certified Universal Power Adapter USB 1 Port Home Wall Charger Plug Compatible with iPhone Samsung and More Device UL Listed,tpa95a050100uu,False,0.6369,0.6369,[],[],True,"this recall involves the black power adapter sold with the nook tablet 7"". the adapter bears markings: model number tpa-95a050100uu, manufacture date 201610. the nook tablet 7"" model number bntv450 is located on the back of the nook."
5.0,used as power supply for wyze camera. works fine,b076c58ymx,2022-09-16,Wall Charger Abosi 3 Pack 5V 1A UL Certified Universal Power Adapter USB 1 Port Home Wall Charger Plug Compatible with iPhone Samsung and More Device UL Listed,tpa95a050100uu,False,0.2023,0.2023,[],[],True,"this recall involves the black power adapter sold with the nook tablet 7"". the adapter bears markings: model number tpa-95a050100uu, manufacture date 201610. the nook tablet 7"" model number bntv450 is located on the back of the nook."
5.0,these are great usb power adapters.  not much more to add than that.  i will probably order more.,b076c58ymx,2020-01-20,Wall Charger Abosi 3 Pack 5V 1A UL Certified Universal Power Adapter USB 1 Port Home Wall Charger Plug Compatible with iPhone Samsung and More Device UL Listed,tpa95a050100uu,False,0.6249,0.6249,[],[],True,"this recall involves the black power adapter sold with the nook tablet 7"". the adapter bears markings: model number tpa-95a050100uu, manufacture date 201610. the nook tablet 7"" model number bntv450 is located on the back of the nook."
5.0,they work just fine.,b076c58ymx,2021-02-21,Wall Charger Abosi 3 Pack 5V 1A UL Certified Universal Power Adapter USB 1 Port Home Wall Charger Plug Compatible with iPhone Samsung and More Device UL Listed,tpa95a050100uu,False,0.2023,0.2023,[],[],True,"this recall involves the black power adapter sold with the nook tablet 7"". the adapter bears markings: model number tpa-95a050100uu, manufacture date 201610. the nook tablet 7"" model number bntv450 is located on the back of the nook."
1.0,"got one, it broke in a day, replaced it and it broke within a week. the curved design is comfortable, but the hinges barely hold and the swivel is extremely poor quality. don't buy this crap.",b091fccmr4,2021-07-24,"ZIYE Universal Phone Ring Holder Finger Kickstand, Foldable Cell Phone Stand 360 Degree Rotation Metal Ring Grip Holder for Magnetic Car Mount Compatible with All Smartphone (Silver)",adjustable,False,-0.8817,-0.8817,[],[],True,"april 17, 1995 release # 95-102 washington, dc - cpsc, the kmart corporation of troy, mich., is recalling 148,990 desk chairs. the chair's seat post may unexpectedly separate from the pedestal base, causing someone sitting in the chair to fall.consumers can identify the recalled chairs by kmart product code 21-86-61, item code 010218661114, printed on the outside of the retail carton. the chairs do not have an item number printed on them. the chair, which kmart sold nationwide from july 1993 to march 1995 for $29.99, was packaged unassembled in a cardboard box labeled in part ""basic designs adjustable office chair *** made in taiwan"". the gray upholstered rotary desk chair has a non-tilt seat and fixed back. the seat is attached to a five-prong metal pedestal base by a one-inch wide steel rod. there are two wheel casters on each prong of the pedestal base. the kmart corporation reported this hazard to cpsc after receiving seven reports of the seat unexpectedly detaching from the pedestal base.consumers who own these chairs should stop using them immediately and return the chairs to any k-mart store for a refund. replacement chairs will be available after may 15, 1995. consumers who need more information about this recall should contact any kmart store"
5.0,works great with my charger,b076c58ymx,2020-05-06,Wall Charger Abosi 3 Pack 5V 1A UL Certified Universal Power Adapter USB 1 Port Home Wall Charger Plug Compatible with iPhone Samsung and More Device UL Listed,tpa95a050100uu,False,0.6249,0.6249,[],[],True,"this recall involves the black power adapter sold with the nook tablet 7"". the adapter bears markings: model number tpa-95a050100uu, manufacture date 201610. the nook tablet 7"" model number bntv450 is located on the back of the nook."
5.0,nice to have on hand,b076c58ymx,2021-10-11,Wall Charger Abosi 3 Pack 5V 1A UL Certified Universal Power Adapter USB 1 Port Home Wall Charger Plug Compatible with iPhone Samsung and More Device UL Listed,tpa95a050100uu,False,0.7184,0.7184,[],[],True,"this recall involves the black power adapter sold with the nook tablet 7"". the adapter bears markings: model number tpa-95a050100uu, manufacture date 201610. the nook tablet 7"" model number bntv450 is located on the back of the nook."
5.0,works well and are exactly as described,b076c58ymx,2018-04-25,Wall Charger Abosi 3 Pack 5V 1A UL Certified Universal Power Adapter USB 1 Port Home Wall Charger Plug Compatible with iPhone Samsung and More Device UL Listed,tpa95a050100uu,False,0.2732,0.2732,[],[],True,"this recall involves the black power adapter sold with the nook tablet 7"". the adapter bears markings: model number tpa-95a050100uu, manufacture date 201610. the nook tablet 7"" model number bntv450 is located on the back of the nook."
5.0,"i've used 2 of the 3 adapters already and they work wonderfully, i like them a lot. while not advertised as slim, they are a lot smaller than many adapters out there on the market. product is as advertised and for an awesome price. would highly recommend and purchase again if needed.",b076c58ymx,2019-03-13,Wall Charger Abosi 3 Pack 5V 1A UL Certified Universal Power Adapter USB 1 Port Home Wall Charger Plug Compatible with iPhone Samsung and More Device UL Listed,tpa95a050100uu,False,0.923,0.923,[],[],True,"this recall involves the black power adapter sold with the nook tablet 7"". the adapter bears markings: model number tpa-95a050100uu, manufacture date 201610. the nook tablet 7"" model number bntv450 is located on the back of the nook."
5.0,constructed well,b076c58ymx,2019-02-24,Wall Charger Abosi 3 Pack 5V 1A UL Certified Universal Power Adapter USB 1 Port Home Wall Charger Plug Compatible with iPhone Samsung and More Device UL Listed,tpa95a050100uu,False,0.2732,0.2732,[],[],True,"this recall involves the black power adapter sold with the nook tablet 7"". the adapter bears markings: model number tpa-95a050100uu, manufacture date 201610. the nook tablet 7"" model number bntv450 is located on the back of the nook."
5.0,i like that i was able to purchase this without buying another cord.,b076c58ymx,2019-01-05,Wall Charger Abosi 3 Pack 5V 1A UL Certified Universal Power Adapter USB 1 Port Home Wall Charger Plug Compatible with iPhone Samsung and More Device UL Listed,tpa95a050100uu,False,0.3612,0.3612,[],[],True,"this recall involves the black power adapter sold with the nook tablet 7"". the adapter bears markings: model number tpa-95a050100uu, manufacture date 201610. the nook tablet 7"" model number bntv450 is located on the back of the nook."
5.0,"these work great, glad i finally purchased. they are convenient for charging all types of items using usb charging cords.",b076c58ymx,2023-01-22,Wall Charger Abosi 3 Pack 5V 1A UL Certified Universal Power Adapter USB 1 Port Home Wall Charger Plug Compatible with iPhone Samsung and More Device UL Listed,tpa95a050100uu,False,0.7964,0.7964,[],[],True,"this recall involves the black power adapter sold with the nook tablet 7"". the adapter bears markings: model number tpa-95a050100uu, manufacture date 201610. the nook tablet 7"" model number bntv450 is located on the back of the nook."
1.0,"this does not seem to be an actual 5v charger. plugging in my pixel 3, or kinda fire, it charged very slowly. i plugged my kindle in over night, and it went from 40% to 78%. and likely did some damage to the battery at the same time.",b076c58ymx,2020-01-10,Wall Charger Abosi 3 Pack 5V 1A UL Certified Universal Power Adapter USB 1 Port Home Wall Charger Plug Compatible with iPhone Samsung and More Device UL Listed,tpa95a050100uu,False,-0.7044,-0.7044,[],"['damage', 'harm']",True,"this recall involves the black power adapter sold with the nook tablet 7"". the adapter bears markings: model number tpa-95a050100uu, manufacture date 201610. the nook tablet 7"" model number bntv450 is located on the back of the nook."
4.0,love it in the description said they were turbochargers they are not even had brand new cords for them,b076c58ymx,2018-12-16,Wall Charger Abosi 3 Pack 5V 1A UL Certified Universal Power Adapter USB 1 Port Home Wall Charger Plug Compatible with iPhone Samsung and More Device UL Listed,tpa95a050100uu,False,0.6369,0.6369,[],[],True,"this recall involves the black power adapter sold with the nook tablet 7"". the adapter bears markings: model number tpa-95a050100uu, manufacture date 201610. the nook tablet 7"" model number bntv450 is located on the back of the nook."
5.0,works as advertised for me so far.,b076c58ymx,2019-04-29,Wall Charger Abosi 3 Pack 5V 1A UL Certified Universal Power Adapter USB 1 Port Home Wall Charger Plug Compatible with iPhone Samsung and More Device UL Listed,tpa95a050100uu,False,0.0,0.0,[],[],True,"this recall involves the black power adapter sold with the nook tablet 7"". the adapter bears markings: model number tpa-95a050100uu, manufacture date 201610. the nook tablet 7"" model number bntv450 is located on the back of the nook."
4.0,working well for my iphone,b076c58ymx,2022-09-10,Wall Charger Abosi 3 Pack 5V 1A UL Certified Universal Power Adapter USB 1 Port Home Wall Charger Plug Compatible with iPhone Samsung and More Device UL Listed,tpa95a050100uu,False,0.2732,0.2732,[],[],True,"this recall involves the black power adapter sold with the nook tablet 7"". the adapter bears markings: model number tpa-95a050100uu, manufacture date 201610. the nook tablet 7"" model number bntv450 is located on the back of the nook."
5.0,has adhered well.  functional.,b092zlwpbt,2022-03-20,ZIYE 2 Pack Phone Ring Holder Transparent Phone Finger Grip Universal 360 Degree Rotation Finger Ring Metal Kickstand Compatible iPhone Samsung and More Smartphones and Tablets(Silver&Rose Gold),adjustable,False,0.2732,0.2732,[],[],True,"april 17, 1995 release # 95-102 washington, dc - cpsc, the kmart corporation of troy, mich., is recalling 148,990 desk chairs. the chair's seat post may unexpectedly separate from the pedestal base, causing someone sitting in the chair to fall.consumers can identify the recalled chairs by kmart product code 21-86-61, item code 010218661114, printed on the outside of the retail carton. the chairs do not have an item number printed on them. the chair, which kmart sold nationwide from july 1993 to march 1995 for $29.99, was packaged unassembled in a cardboard box labeled in part ""basic designs adjustable office chair *** made in taiwan"". the gray upholstered rotary desk chair has a non-tilt seat and fixed back. the seat is attached to a five-prong metal pedestal base by a one-inch wide steel rod. there are two wheel casters on each prong of the pedestal base. the kmart corporation reported this hazard to cpsc after receiving seven reports of the seat unexpectedly detaching from the pedestal base.consumers who own these chairs should stop using them immediately and return the chairs to any k-mart store for a refund. replacement chairs will be available after may 15, 1995. consumers who need more information about this recall should contact any kmart store"
5.0,works well...quick shipment,b076c58ymx,2019-05-29,Wall Charger Abosi 3 Pack 5V 1A UL Certified Universal Power Adapter USB 1 Port Home Wall Charger Plug Compatible with iPhone Samsung and More Device UL Listed,tpa95a050100uu,False,0.0,0.0,[],[],True,"this recall involves the black power adapter sold with the nook tablet 7"". the adapter bears markings: model number tpa-95a050100uu, manufacture date 201610. the nook tablet 7"" model number bntv450 is located on the back of the nook."
5.0,great product for my money. would buy again.,b076c58ymx,2019-07-12,Wall Charger Abosi 3 Pack 5V 1A UL Certified Universal Power Adapter USB 1 Port Home Wall Charger Plug Compatible with iPhone Samsung and More Device UL Listed,tpa95a050100uu,False,0.6249,0.6249,[],[],True,"this recall involves the black power adapter sold with the nook tablet 7"". the adapter bears markings: model number tpa-95a050100uu, manufacture date 201610. the nook tablet 7"" model number bntv450 is located on the back of the nook."
5.0,"perfect for charging my aftershokz headphones, now i can use any outlet not just my computer.",b076c58ymx,2022-06-30,Wall Charger Abosi 3 Pack 5V 1A UL Certified Universal Power Adapter USB 1 Port Home Wall Charger Plug Compatible with iPhone Samsung and More Device UL Listed,tpa95a050100uu,False,0.5719,0.5719,[],[],True,"this recall involves the black power adapter sold with the nook tablet 7"". the adapter bears markings: model number tpa-95a050100uu, manufacture date 201610. the nook tablet 7"" model number bntv450 is located on the back of the nook."
2.0,the seller replaced the original one with no issue but the replacement broke just as easily after a few uses,b091f7pqrk,2022-08-30,"ZIYE Universal Phone Ring Holder Finger Kickstand, Foldable Cell Phone Stand 360 Degree Rotation Metal Ring Grip Holder for Magnetic Car Mount Compatible with All Smartphone (Gold)",adjustable,False,-0.1406,-0.1406,[],[],True,"april 17, 1995 release # 95-102 washington, dc - cpsc, the kmart corporation of troy, mich., is recalling 148,990 desk chairs. the chair's seat post may unexpectedly separate from the pedestal base, causing someone sitting in the chair to fall.consumers can identify the recalled chairs by kmart product code 21-86-61, item code 010218661114, printed on the outside of the retail carton. the chairs do not have an item number printed on them. the chair, which kmart sold nationwide from july 1993 to march 1995 for $29.99, was packaged unassembled in a cardboard box labeled in part ""basic designs adjustable office chair *** made in taiwan"". the gray upholstered rotary desk chair has a non-tilt seat and fixed back. the seat is attached to a five-prong metal pedestal base by a one-inch wide steel rod. there are two wheel casters on each prong of the pedestal base. the kmart corporation reported this hazard to cpsc after receiving seven reports of the seat unexpectedly detaching from the pedestal base.consumers who own these chairs should stop using them immediately and return the chairs to any k-mart store for a refund. replacement chairs will be available after may 15, 1995. consumers who need more information about this recall should contact any kmart store"
5.0,set of three came individually wrapped inside a small sturdy box. i use this to charge my phone and a few of my kindles. i have also used them to charge a small lamp. two i have at home and the third is at my office.,b076c58ymx,2019-02-23,Wall Charger Abosi 3 Pack 5V 1A UL Certified Universal Power Adapter USB 1 Port Home Wall Charger Plug Compatible with iPhone Samsung and More Device UL Listed,tpa95a050100uu,False,0.0,0.0,[],[],True,"this recall involves the black power adapter sold with the nook tablet 7"". the adapter bears markings: model number tpa-95a050100uu, manufacture date 201610. the nook tablet 7"" model number bntv450 is located on the back of the nook."
1.0,"it was just what i wanted. just as advertised the delivery lady was polite, and helpful. john hermans",b076c58ymx,2021-08-31,Wall Charger Abosi 3 Pack 5V 1A UL Certified Universal Power Adapter USB 1 Port Home Wall Charger Plug Compatible with iPhone Samsung and More Device UL Listed,tpa95a050100uu,False,0.4215,0.4215,[],[],True,"this recall involves the black power adapter sold with the nook tablet 7"". the adapter bears markings: model number tpa-95a050100uu, manufacture date 201610. the nook tablet 7"" model number bntv450 is located on the back of the nook."
5.0,"have used for about 2 months now, nonstop, with no perceived change in quality. all 3 adapters in the pack work great. impressive quality for the price, will definitely be my go-to for 5w usb adapters.",b076c58ymx,2018-11-13,Wall Charger Abosi 3 Pack 5V 1A UL Certified Universal Power Adapter USB 1 Port Home Wall Charger Plug Compatible with iPhone Samsung and More Device UL Listed,tpa95a050100uu,False,0.836,0.836,[],[],True,"this recall involves the black power adapter sold with the nook tablet 7"". the adapter bears markings: model number tpa-95a050100uu, manufacture date 201610. the nook tablet 7"" model number bntv450 is located on the back of the nook."
5.0,convenient size to fit along a strip. appears well constructed. protective packaging is appreciated.,b076c58ymx,2018-07-20,Wall Charger Abosi 3 Pack 5V 1A UL Certified Universal Power Adapter USB 1 Port Home Wall Charger Plug Compatible with iPhone Samsung and More Device UL Listed,tpa95a050100uu,False,0.7845,0.7845,[],[],True,"this recall involves the black power adapter sold with the nook tablet 7"". the adapter bears markings: model number tpa-95a050100uu, manufacture date 201610. the nook tablet 7"" model number bntv450 is located on the back of the nook."
4.0,good. condition,b076c58ymx,2018-03-22,Wall Charger Abosi 3 Pack 5V 1A UL Certified Universal Power Adapter USB 1 Port Home Wall Charger Plug Compatible with iPhone Samsung and More Device UL Listed,tpa95a050100uu,False,0.4404,0.4404,[],[],True,"this recall involves the black power adapter sold with the nook tablet 7"". the adapter bears markings: model number tpa-95a050100uu, manufacture date 201610. the nook tablet 7"" model number bntv450 is located on the back of the nook."
5.0,would buy again,b076c58ymx,2018-02-14,Wall Charger Abosi 3 Pack 5V 1A UL Certified Universal Power Adapter USB 1 Port Home Wall Charger Plug Compatible with iPhone Samsung and More Device UL Listed,tpa95a050100uu,False,0.0,0.0,[],[],True,"this recall involves the black power adapter sold with the nook tablet 7"". the adapter bears markings: model number tpa-95a050100uu, manufacture date 201610. the nook tablet 7"" model number bntv450 is located on the back of the nook."
4.0,they do work but get a little hot when charging so overall i would give 4 stars,b076c58ymx,2021-08-20,Wall Charger Abosi 3 Pack 5V 1A UL Certified Universal Power Adapter USB 1 Port Home Wall Charger Plug Compatible with iPhone Samsung and More Device UL Listed,tpa95a050100uu,False,0.0,0.0,[],['hot'],True,"this recall involves the black power adapter sold with the nook tablet 7"". the adapter bears markings: model number tpa-95a050100uu, manufacture date 201610. the nook tablet 7"" model number bntv450 is located on the back of the nook."
5.0,they work. enough said. good price and they just... work.<br /><br />would recommend.,b076c58ymx,2018-09-17,Wall Charger Abosi 3 Pack 5V 1A UL Certified Universal Power Adapter USB 1 Port Home Wall Charger Plug Compatible with iPhone Samsung and More Device UL Listed,tpa95a050100uu,False,0.6597,0.6597,[],[],True,"this recall involves the black power adapter sold with the nook tablet 7"". the adapter bears markings: model number tpa-95a050100uu, manufacture date 201610. the nook tablet 7"" model number bntv450 is located on the back of the nook."
4.0,"good small tablet, great for noting. no lag in noting, but weak processor and screen somewhat. but does the job. battery life is not great barely 8 hrs,...",b0178g2xui,2017-11-30,"Samsung Galaxy Tab A with S Pen P355Y 16GB 8"" 16GB LTE GSM Unlocked (Smoky Titanium)",titanium,False,-0.6455,-0.6455,[],['weak'],True,"the power foundations are motorized bed frames, controlled by handheld remotes, which enable the head and/or the foot of the bed mattress to be moved up and down. these power foundations were offered in all bed sizes and they were sold with handheld remote controls. the recalled models are ""titanium,"" ""gold"" and ""signature"" by leggett & platt and other brands names including interflex, american signature, spring air, sealy and simmons. since power foundations look very similar, consumers should identify their products by looking at the remote controls. the remotes controls are either black or dark gray and feature multiple buttons and a label with one of these brand names: adjustables by leggett & platt, interflex, american signature, sealy, simmons or spring air. photographs of these remotes and these labels can be viewed anytime at www.titaniumrecall.com. no other power foundations are involved in this recall."
5.0,"i have bought numerous orders of these for my usb devices from watches, speakers, etc. they do not get hot as many on the market do. i have even used to replace usb plugs that came with my devices because the original device would get hot. these are compact and my wife carries them when she travels. they work great.",b076c58ymx,2020-09-20,Wall Charger Abosi 3 Pack 5V 1A UL Certified Universal Power Adapter USB 1 Port Home Wall Charger Plug Compatible with iPhone Samsung and More Device UL Listed,tpa95a050100uu,False,0.7506,0.7506,[],['hot'],True,"this recall involves the black power adapter sold with the nook tablet 7"". the adapter bears markings: model number tpa-95a050100uu, manufacture date 201610. the nook tablet 7"" model number bntv450 is located on the back of the nook."
5.0,"need these for travel, a little thick, however, these work perfectly.",b076c58ymx,2020-08-18,Wall Charger Abosi 3 Pack 5V 1A UL Certified Universal Power Adapter USB 1 Port Home Wall Charger Plug Compatible with iPhone Samsung and More Device UL Listed,tpa95a050100uu,False,0.6369,0.6369,[],[],True,"this recall involves the black power adapter sold with the nook tablet 7"". the adapter bears markings: model number tpa-95a050100uu, manufacture date 201610. the nook tablet 7"" model number bntv450 is located on the back of the nook."
5.0,three means i have 1 for travel and two for home use.. not fast chargers but for phone batteries that's a plus.,b076c58ymx,2018-07-30,Wall Charger Abosi 3 Pack 5V 1A UL Certified Universal Power Adapter USB 1 Port Home Wall Charger Plug Compatible with iPhone Samsung and More Device UL Listed,tpa95a050100uu,False,0.0,0.0,[],[],True,"this recall involves the black power adapter sold with the nook tablet 7"". the adapter bears markings: model number tpa-95a050100uu, manufacture date 201610. the nook tablet 7"" model number bntv450 is located on the back of the nook."
1.0,"was supposed to be a three pack.  i got one.  so, not good.  i will return it.",b076c58ymx,2020-05-13,Wall Charger Abosi 3 Pack 5V 1A UL Certified Universal Power Adapter USB 1 Port Home Wall Charger Plug Compatible with iPhone Samsung and More Device UL Listed,tpa95a050100uu,False,-0.3412,-0.3412,[],[],True,"this recall involves the black power adapter sold with the nook tablet 7"". the adapter bears markings: model number tpa-95a050100uu, manufacture date 201610. the nook tablet 7"" model number bntv450 is located on the back of the nook."
5.0,charge iphone and emergency radio.  all 3 worked great.,b076c58ymx,2021-05-05,Wall Charger Abosi 3 Pack 5V 1A UL Certified Universal Power Adapter USB 1 Port Home Wall Charger Plug Compatible with iPhone Samsung and More Device UL Listed,tpa95a050100uu,False,0.3612,0.3612,[],[],True,"this recall involves the black power adapter sold with the nook tablet 7"". the adapter bears markings: model number tpa-95a050100uu, manufacture date 201610. the nook tablet 7"" model number bntv450 is located on the back of the nook."
5.0,exactly what i needed to charge my ticwatch s2.,b076c58ymx,2020-02-05,Wall Charger Abosi 3 Pack 5V 1A UL Certified Universal Power Adapter USB 1 Port Home Wall Charger Plug Compatible with iPhone Samsung and More Device UL Listed,tpa95a050100uu,False,0.0,0.0,[],[],True,"this recall involves the black power adapter sold with the nook tablet 7"". the adapter bears markings: model number tpa-95a050100uu, manufacture date 201610. the nook tablet 7"" model number bntv450 is located on the back of the nook."
5.0,charges my garmin approach s10 very quickly. cost for 3 wall chargers is outstanding!!!,b076c58ymx,2020-04-09,Wall Charger Abosi 3 Pack 5V 1A UL Certified Universal Power Adapter USB 1 Port Home Wall Charger Plug Compatible with iPhone Samsung and More Device UL Listed,tpa95a050100uu,False,0.5826,0.5826,[],[],True,"this recall involves the black power adapter sold with the nook tablet 7"". the adapter bears markings: model number tpa-95a050100uu, manufacture date 201610. the nook tablet 7"" model number bntv450 is located on the back of the nook."
5.0,they all work and in most cases are more convenient than hooking up our electric toothbrushes to a usb port on a computer.,b076c58ymx,2019-08-17,Wall Charger Abosi 3 Pack 5V 1A UL Certified Universal Power Adapter USB 1 Port Home Wall Charger Plug Compatible with iPhone Samsung and More Device UL Listed,tpa95a050100uu,False,0.0,0.0,[],[],True,"this recall involves the black power adapter sold with the nook tablet 7"". the adapter bears markings: model number tpa-95a050100uu, manufacture date 201610. the nook tablet 7"" model number bntv450 is located on the back of the nook."
5.0,worked with no problems so far.,b076c58ymx,2018-04-02,Wall Charger Abosi 3 Pack 5V 1A UL Certified Universal Power Adapter USB 1 Port Home Wall Charger Plug Compatible with iPhone Samsung and More Device UL Listed,tpa95a050100uu,False,0.3089,0.3089,[],[],True,"this recall involves the black power adapter sold with the nook tablet 7"". the adapter bears markings: model number tpa-95a050100uu, manufacture date 201610. the nook tablet 7"" model number bntv450 is located on the back of the nook."
5.0,"small, cheap, work as magicjack wall power supply so far.",b076c58ymx,2018-08-25,Wall Charger Abosi 3 Pack 5V 1A UL Certified Universal Power Adapter USB 1 Port Home Wall Charger Plug Compatible with iPhone Samsung and More Device UL Listed,tpa95a050100uu,False,0.0,0.0,[],[],True,"this recall involves the black power adapter sold with the nook tablet 7"". the adapter bears markings: model number tpa-95a050100uu, manufacture date 201610. the nook tablet 7"" model number bntv450 is located on the back of the nook."
5.0,gives us flexibility where we plug in all the tech.,b076c58ymx,2018-05-25,Wall Charger Abosi 3 Pack 5V 1A UL Certified Universal Power Adapter USB 1 Port Home Wall Charger Plug Compatible with iPhone Samsung and More Device UL Listed,tpa95a050100uu,False,0.34,0.34,[],[],True,"this recall involves the black power adapter sold with the nook tablet 7"". the adapter bears markings: model number tpa-95a050100uu, manufacture date 201610. the nook tablet 7"" model number bntv450 is located on the back of the nook."
5.0,i use these to charge my bluetooth headset and my fitbit.,b076c58ymx,2022-03-14,Wall Charger Abosi 3 Pack 5V 1A UL Certified Universal Power Adapter USB 1 Port Home Wall Charger Plug Compatible with iPhone Samsung and More Device UL Listed,tpa95a050100uu,False,0.0,0.0,[],[],True,"this recall involves the black power adapter sold with the nook tablet 7"". the adapter bears markings: model number tpa-95a050100uu, manufacture date 201610. the nook tablet 7"" model number bntv450 is located on the back of the nook."
1.0,they didn’t work as apparently a wire inside the cord was broken and connection to charge phone couldn’t be made.,b076c58ymx,2019-04-25,Wall Charger Abosi 3 Pack 5V 1A UL Certified Universal Power Adapter USB 1 Port Home Wall Charger Plug Compatible with iPhone Samsung and More Device UL Listed,tpa95a050100uu,False,-0.4767,-0.4767,[],[],True,"this recall involves the black power adapter sold with the nook tablet 7"". the adapter bears markings: model number tpa-95a050100uu, manufacture date 201610. the nook tablet 7"" model number bntv450 is located on the back of the nook."
4.0,these work great. i have used them for about six months. they don’t seem to get hot. high-quality.  will buy more<br />only drawback is they are a little large as others have noted.,b076c58ymx,2020-07-22,Wall Charger Abosi 3 Pack 5V 1A UL Certified Universal Power Adapter USB 1 Port Home Wall Charger Plug Compatible with iPhone Samsung and More Device UL Listed,tpa95a050100uu,False,0.6249,0.6249,[],[],True,"this recall involves the black power adapter sold with the nook tablet 7"". the adapter bears markings: model number tpa-95a050100uu, manufacture date 201610. the nook tablet 7"" model number bntv450 is located on the back of the nook."
1.0,they get really hot,b076c58ymx,2022-09-12,Wall Charger Abosi 3 Pack 5V 1A UL Certified Universal Power Adapter USB 1 Port Home Wall Charger Plug Compatible with iPhone Samsung and More Device UL Listed,tpa95a050100uu,False,0.0,0.0,[],['hot'],True,"this recall involves the black power adapter sold with the nook tablet 7"". the adapter bears markings: model number tpa-95a050100uu, manufacture date 201610. the nook tablet 7"" model number bntv450 is located on the back of the nook."
2.0,i’ve used this only for a few weeks now and the tension in the ring is very loose.  i don’t think it will last much longer. the adhesive to my phone case is great but the ring isn’t very sturdy.,b092zlwpbt,2021-11-22,ZIYE 2 Pack Phone Ring Holder Transparent Phone Finger Grip Universal 360 Degree Rotation Finger Ring Metal Kickstand Compatible iPhone Samsung and More Smartphones and Tablets(Silver&Rose Gold),adjustable,False,0.0267,0.0267,[],[],True,"april 17, 1995 release # 95-102 washington, dc - cpsc, the kmart corporation of troy, mich., is recalling 148,990 desk chairs. the chair's seat post may unexpectedly separate from the pedestal base, causing someone sitting in the chair to fall.consumers can identify the recalled chairs by kmart product code 21-86-61, item code 010218661114, printed on the outside of the retail carton. the chairs do not have an item number printed on them. the chair, which kmart sold nationwide from july 1993 to march 1995 for $29.99, was packaged unassembled in a cardboard box labeled in part ""basic designs adjustable office chair *** made in taiwan"". the gray upholstered rotary desk chair has a non-tilt seat and fixed back. the seat is attached to a five-prong metal pedestal base by a one-inch wide steel rod. there are two wheel casters on each prong of the pedestal base. the kmart corporation reported this hazard to cpsc after receiving seven reports of the seat unexpectedly detaching from the pedestal base.consumers who own these chairs should stop using them immediately and return the chairs to any k-mart store for a refund. replacement chairs will be available after may 15, 1995. consumers who need more information about this recall should contact any kmart store"
5.0,"exactly what you would hope for in terms of functionality, and a good price overall.",b076c58ymx,2019-05-20,Wall Charger Abosi 3 Pack 5V 1A UL Certified Universal Power Adapter USB 1 Port Home Wall Charger Plug Compatible with iPhone Samsung and More Device UL Listed,tpa95a050100uu,False,0.7003,0.7003,[],[],True,"this recall involves the black power adapter sold with the nook tablet 7"". the adapter bears markings: model number tpa-95a050100uu, manufacture date 201610. the nook tablet 7"" model number bntv450 is located on the back of the nook."
5.0,nice price! works well!,b076c58ymx,2018-03-08,Wall Charger Abosi 3 Pack 5V 1A UL Certified Universal Power Adapter USB 1 Port Home Wall Charger Plug Compatible with iPhone Samsung and More Device UL Listed,tpa95a050100uu,False,0.6688,0.6688,[],[],True,"this recall involves the black power adapter sold with the nook tablet 7"". the adapter bears markings: model number tpa-95a050100uu, manufacture date 201610. the nook tablet 7"" model number bntv450 is located on the back of the nook."
5.0,"so far, so good. got them for our kids and ourselves for phone chargers.  working very well.",b076c58ymx,2018-08-17,Wall Charger Abosi 3 Pack 5V 1A UL Certified Universal Power Adapter USB 1 Port Home Wall Charger Plug Compatible with iPhone Samsung and More Device UL Listed,tpa95a050100uu,False,0.7553,0.7553,[],[],True,"this recall involves the black power adapter sold with the nook tablet 7"". the adapter bears markings: model number tpa-95a050100uu, manufacture date 201610. the nook tablet 7"" model number bntv450 is located on the back of the nook."
5.0,"perfect size, nice and small. they seem to work just fine",b076c58ymx,2021-02-20,Wall Charger Abosi 3 Pack 5V 1A UL Certified Universal Power Adapter USB 1 Port Home Wall Charger Plug Compatible with iPhone Samsung and More Device UL Listed,tpa95a050100uu,False,0.8074,0.8074,[],[],True,"this recall involves the black power adapter sold with the nook tablet 7"". the adapter bears markings: model number tpa-95a050100uu, manufacture date 201610. the nook tablet 7"" model number bntv450 is located on the back of the nook."
3.0,"i had a lot of trouble removing the film covering the adhesive.  on the first one i tried, the adhesive pulled away from the unit itself and wrinkled a bit.  it didn't hold when i installed.  the second one was still hard to pull the film covering off, but i knew to be very, very careful and it is holding to my phone case just fine.",b092zlwpbt,2022-02-24,ZIYE 2 Pack Phone Ring Holder Transparent Phone Finger Grip Universal 360 Degree Rotation Finger Ring Metal Kickstand Compatible iPhone Samsung and More Smartphones and Tablets(Silver&Rose Gold),adjustable,False,0.4417,0.4417,[],['severe'],True,"april 17, 1995 release # 95-102 washington, dc - cpsc, the kmart corporation of troy, mich., is recalling 148,990 desk chairs. the chair's seat post may unexpectedly separate from the pedestal base, causing someone sitting in the chair to fall.consumers can identify the recalled chairs by kmart product code 21-86-61, item code 010218661114, printed on the outside of the retail carton. the chairs do not have an item number printed on them. the chair, which kmart sold nationwide from july 1993 to march 1995 for $29.99, was packaged unassembled in a cardboard box labeled in part ""basic designs adjustable office chair *** made in taiwan"". the gray upholstered rotary desk chair has a non-tilt seat and fixed back. the seat is attached to a five-prong metal pedestal base by a one-inch wide steel rod. there are two wheel casters on each prong of the pedestal base. the kmart corporation reported this hazard to cpsc after receiving seven reports of the seat unexpectedly detaching from the pedestal base.consumers who own these chairs should stop using them immediately and return the chairs to any k-mart store for a refund. replacement chairs will be available after may 15, 1995. consumers who need more information about this recall should contact any kmart store"
1.0,these overheat very easily and charge very slowly. do not buy.,b076c58ymx,2019-02-14,Wall Charger Abosi 3 Pack 5V 1A UL Certified Universal Power Adapter USB 1 Port Home Wall Charger Plug Compatible with iPhone Samsung and More Device UL Listed,tpa95a050100uu,False,0.4005,0.4005,[],[],True,"this recall involves the black power adapter sold with the nook tablet 7"". the adapter bears markings: model number tpa-95a050100uu, manufacture date 201610. the nook tablet 7"" model number bntv450 is located on the back of the nook."
5.0,"i use this device to charge my garmin vivoactive 3 1,2 smart watch when i don't have access to my computer. this charger allows me to use any standard wall outlet, eliminating the limitation of only being able to use a usb charging port like the one on my computer. charging is fairly quick, another plus. it's small, perfect for travel, which is another reason i got it. so far, i love it.",b076c58ymx,2019-04-28,Wall Charger Abosi 3 Pack 5V 1A UL Certified Universal Power Adapter USB 1 Port Home Wall Charger Plug Compatible with iPhone Samsung and More Device UL Listed,tpa95a050100uu,False,0.9035,0.9035,[],[],True,"this recall involves the black power adapter sold with the nook tablet 7"". the adapter bears markings: model number tpa-95a050100uu, manufacture date 201610. the nook tablet 7"" model number bntv450 is located on the back of the nook."
5.0,"no issues, have been using these for awhile. they are sturdy, good quality and charges my devices w/o any issues.",b076c58ymx,2019-02-13,Wall Charger Abosi 3 Pack 5V 1A UL Certified Universal Power Adapter USB 1 Port Home Wall Charger Plug Compatible with iPhone Samsung and More Device UL Listed,tpa95a050100uu,False,-0.2808,-0.2808,[],[],True,"this recall involves the black power adapter sold with the nook tablet 7"". the adapter bears markings: model number tpa-95a050100uu, manufacture date 201610. the nook tablet 7"" model number bntv450 is located on the back of the nook."
5.0,as expected,b076c58ymx,2018-07-02,Wall Charger Abosi 3 Pack 5V 1A UL Certified Universal Power Adapter USB 1 Port Home Wall Charger Plug Compatible with iPhone Samsung and More Device UL Listed,tpa95a050100uu,False,0.0,0.0,[],[],True,"this recall involves the black power adapter sold with the nook tablet 7"". the adapter bears markings: model number tpa-95a050100uu, manufacture date 201610. the nook tablet 7"" model number bntv450 is located on the back of the nook."
2.0,"these were so cute on my cases! they adhered well, i loved the 360° swivel. but, ot snapped off within a month of regular use",b092zlwpbt,2022-03-21,ZIYE 2 Pack Phone Ring Holder Transparent Phone Finger Grip Universal 360 Degree Rotation Finger Ring Metal Kickstand Compatible iPhone Samsung and More Smartphones and Tablets(Silver&Rose Gold),adjustable,False,0.6932,0.6932,[],[],True,"april 17, 1995 release # 95-102 washington, dc - cpsc, the kmart corporation of troy, mich., is recalling 148,990 desk chairs. the chair's seat post may unexpectedly separate from the pedestal base, causing someone sitting in the chair to fall.consumers can identify the recalled chairs by kmart product code 21-86-61, item code 010218661114, printed on the outside of the retail carton. the chairs do not have an item number printed on them. the chair, which kmart sold nationwide from july 1993 to march 1995 for $29.99, was packaged unassembled in a cardboard box labeled in part ""basic designs adjustable office chair *** made in taiwan"". the gray upholstered rotary desk chair has a non-tilt seat and fixed back. the seat is attached to a five-prong metal pedestal base by a one-inch wide steel rod. there are two wheel casters on each prong of the pedestal base. the kmart corporation reported this hazard to cpsc after receiving seven reports of the seat unexpectedly detaching from the pedestal base.consumers who own these chairs should stop using them immediately and return the chairs to any k-mart store for a refund. replacement chairs will be available after may 15, 1995. consumers who need more information about this recall should contact any kmart store"
